symbol,company name
AAPL,Apple Inc.
MSFT,Microsoft Corporation
AMZN,Amazon.com, Inc.
GOOGL,Alphabet Inc.
FB,Facebook, Inc.
TSLA,Tesla, Inc.
JPM,JPMorgan Chase & Co.
BAC,Bank of America Corporation
WMT,Walmart Inc.
V,Visa Inc.
JNJ,Johnson & Johnson
PG,Procter & Gamble Company
NVDA,NVIDIA Corporation
MA,Mastercard Incorporated
UNH,UnitedHealth Group Incorporated
HD,The Home Depot, Inc.
VZ,Verizon Communications Inc.
DIS,The Walt Disney Company
PYPL,PayPal Holdings, Inc.
XOM,Exxon Mobil Corporation
T,AT&T Inc.
CRM,Salesforce.com, Inc.
KO,The Coca-Cola Company
PFE,Pfizer Inc.
CMCSA,Comcast Corporation
INTC,Intel Corporation
NFLX,Netflix, Inc.
CSCO,Cisco Systems, Inc.
TMO,Thermo Fisher Scientific Inc.
CVX,Chevron Corporation
ABT,Abbott Laboratories
PEP,PepsiCo, Inc.
ADBE,Adobe Inc.
MCD,McDonald's Corporation
MRK,Merck & Co., Inc.
NKE,Nike, Inc.
ORCL,Oracle Corporation
BA,The Boeing Company
TMUS,T-Mobile US, Inc.
WFC,Wells Fargo & Company
IBM,International Business Machines Corporation
ABNB,Airbnb, Inc.
NOW,ServiceNow, Inc.
ACN,Accenture plc
LMT,Lockheed Martin Corporation
SPG,Simon Property Group, Inc.
COST,Costco Wholesale Corporation
AMD,Advanced Micro Devices, Inc.
GOOG,Alphabet Inc.
PDD,Pinduoduo Inc.
